-0.172905918,-0.0136271,-0.125320246,0.010607506,-0.08963181,-0.025285031,0.180438485,0.342166514,0.120164047,0.337406317,0.167382077,0.246758589
-0.176439527,-0.015365157,-0.115301677,0.013381824,-0.072775866,-0.023549895,0.158611387,0.379983128,0.105378219,0.385564112,0.162354208,0.269059757
-0.156443973,-0.017571632,-0.133818182,0.011064088,-0.070786839,-0.024644549,0.166337814,0.344077982,0.106400686,0.414630236,0.190683061,0.259573401
-0.154327104,-0.013445317,-0.117412854,0.010870022,-0.077327422,-0.021055016,0.184858768,0.292949803,0.10911104,0.347602046,0.181123814,0.291758513
-0.137133673,-0.01744116,-0.124604586,0.010713835,-0.071629551,-0.021379598,0.194607317,0.333408522,0.114297622,0.328424356,0.1676212,0.254615842
-0.167320577,-0.014669177,-0.103861923,0.010495262,-0.067261903,-0.024826684,0.176605262,0.306783171,0.124453885,0.350824079,0.154509254,0.260979651
-0.177349589,-0.015642028,-0.108361145,0.013152861,-0.086577759,-0.020965158,0.153748214,0.331727572,0.096266713,0.322886282,0.153996479,0.298196391
-0.133948419,-0.017231365,-0.124073681,0.010667934,-0.085677993,-0.019486007,0.182593198,0.325803609,0.100061315,0.346262255,0.176668967,0.23738903
-0.146759524,-0.016708038,-0.10614854,0.011666102,-0.076581605,-0.025454238,0.16039864,0.295082208,0.128823313,0.389395981,0.145735271,0.232161468
-0.161148274,-0.017147875,-0.127670066,0.012852629,-0.088886206,-0.020509003,0.186451384,0.369106693,0.125027766,0.41943659,0.175778106,0.294564191
-0.139551223,-0.016479553,-0.118342575,0.011503881,-0.072703561,-0.019762661,0.162574085,0.340306159,0.107632946,0.393702744,0.182209904,0.25731868
-0.142808088,-0.017059648,-0.113834344,0.013543653,-0.089788423,-0.020616956,0.168841887,0.319264049,0.116681677,0.365611677,0.157370258,0.30464529
-0.152804344,-0.014554608,-0.102727542,0.012974993,-0.075619724,-0.020708946,0.167359779,0.304024244,0.118884874,0.341088242,0.159331196,0.303973822
-0.178299918,-0.016631172,-0.121864164,0.013776455,-0.078614296,-0.023251767,0.17455895,0.381770313,0.102645225,0.342360307,0.163480227,0.306595408
-0.174765675,-0.014184123,-0.118701967,0.012498158,-0.080038776,-0.022030636,0.158084094,0.309115507,0.101319006,0.415524622,0.171925718,0.229377108
-0.152412295,-0.017346628,-0.113156688,0.01327401,-0.07604357,-0.022491628,0.156851643,0.35529447,0.101718363,0.38033953,0.164519769,0.270805517
-0.136065556,-0.013589376,-0.132499806,0.011764712,-0.069328694,-0.024342402,0.144922304,0.30469384,0.123115187,0.407635015,0.189558405,0.261825065
-0.136425235,-0.017671392,-0.125819475,0.011887205,-0.086251713,-0.024486081,0.161454267,0.324052882,0.10450487,0.317141415,0.185260509,0.2523231
-0.160083866,-0.015197934,-0.105875519,0.013688648,-0.083969481,-0.023686723,0.169977497,0.367230694,0.097368863,0.319306697,0.182786334,0.269775953
-0.138402964,-0.017511416,-0.128364396,0.011323218,-0.087589184,-0.019027957,0.155486421,0.373403143,0.111224865,0.398771711,0.156586027,0.297033354
-0.149382966,-0.015740703,-0.130027813,0.011230481,-0.077593481,-0.025086554,0.159249236,0.375414223,0.103418197,0.334305082,0.183327171,0.282999481
-0.151916007,-0.016015442,-0.119932873,0.013411766,-0.081334206,-0.024035597,0.193219995,0.377793846,0.098760762,0.349164671,0.180050271,0.276478461
-0.156221483,-0.013743052,-0.131275862,0.01099511,-0.083370531,-0.022271478,0.17875699,0.313397613,0.10080495,0.37215649,0.186043704,0.296504075
-0.148212878,-0.015824402,-0.111100032,0.010552926,-0.078534912,-0.019614525,0.150251647,0.371254493,0.099465096,0.376051184,0.174425867,0.236541829
-0.167833147,-0.014985877,-0.111955974,0.010813668,-0.08405824,-0.023473258,0.163404524,0.347293312,0.106728249,0.363870835,0.159731275,0.246604836
-0.144525393,-0.016875668,-0.129547976,0.011190141,-0.074039276,-0.021655484,0.156156022,0.359532833,0.114641001,0.374929552,0.146553227,0.278523436
-0.172522198,-0.017357106,-0.130274022,0.012074994,-0.07590194,-0.025018244,0.183995198,0.379146253,0.105935321,0.331265884,0.178833934,0.288206292
-0.164329756,-0.013381273,-0.105118155,0.010753844,-0.087909569,-0.018874018,0.167849209,0.314185626,0.119674824,0.320769618,0.169297575,0.251349685
-0.134916374,-0.013784855,-0.131959233,0.012791845,-0.067359045,-0.025251628,0.151209392,0.307928265,0.113322799,0.328545168,0.184470128,0.305296981
-0.16237362,-0.017099951,-0.102929917,0.013639235,-0.079459857,-0.024193529,0.161786225,0.32733218,0.115116832,0.355211387,0.187250425,0.29332759
-0.170031489,-0.01593796,-0.116605464,0.010412667,-0.089128398,-0.024738528,0.148205011,0.302714191,0.12572021,0.316447807,0.168499901,0.289783944
-0.163149076,-0.016221578,-0.126167293,0.011992762,-0.088036821,-0.021444555,0.183108937,0.374619022,0.127768303,0.373857872,0.155052939,0.28104454
-0.14004743,-0.013890757,-0.13152599,0.01234594,-0.080718576,-0.019708541,0.152555468,0.298309906,0.12127142,0.365732805,0.151019728,0.265590144
-0.149971587,-0.016985687,-0.120013075,0.011939471,-0.072300856,-0.024885145,0.179615017,0.337778233,0.113646576,0.403807028,0.186676866,0.307837437
-0.166267843,-0.014745675,-0.122623398,0.012114784,-0.08282163,-0.022525411,0.166080904,0.362813423,0.109918601,0.35609295,0.153376325,0.284208062
-0.143914103,-0.016141007,-0.1232073,0.012735007,-0.080749144,-0.019062425,0.191495145,0.362756493,0.096811324,0.336807029,0.145192556,0.286817137
-0.171484849,-0.016660487,-0.123318134,0.013223562,-0.068882379,-0.019428454,0.178148343,0.289320747,0.09575884,0.387298692,0.148679935,0.300882453
-0.147635866,-0.014915253,-0.114789997,0.013505091,-0.068391494,-0.02413381,0.185531645,0.295662521,0.111824958,0.420435973,0.156517332,0.240980683
-0.141258639,-0.013302198,-0.099265528,0.011441036,-0.070360131,-0.019863348,0.145817266,0.291439886,0.118133545,0.361190712,0.17090118,0.244057434
-0.133142094,-0.014237386,-0.104723916,0.013988922,-0.084834066,-0.020428772,0.181711554,0.368176106,0.117295605,0.395295545,0.144014823,0.249051391
-0.142312876,-0.014315035,-0.12131693,0.014047985,-0.08842686,-0.020200084,0.165060922,0.284128748,0.126510998,0.382029169,0.193109851,0.235001819
-0.14525914,-0.014870022,-0.101331255,0.011091441,-0.08183673,-0.023385189,0.177400947,0.287049804,0.121752643,0.357955281,0.166341358,0.290770769
-0.134722146,-0.013479163,-0.114603936,0.012707903,-0.069750676,-0.019328235,0.170455849,0.356974481,0.11941099,0.3134882,0.172518614,0.256544423
-0.141109954,-0.015295419,-0.133391278,0.011290434,-0.085078659,-0.022312198,0.190196931,0.321728473,0.108703555,0.408230591,0.165232238,0.245019698
-0.169145917,-0.014460137,-0.117040275,0.012940539,-0.07125839,-0.020283091,0.174957689,0.288594128,0.103700092,0.32386056,0.173379602,0.239705026
-0.158128721,-0.016412236,-0.108849966,0.013942428,-0.0769361,-0.023216748,0.190451276,0.352740412,0.102069992,0.352134461,0.177462539,0.272316285
-0.175896029,-0.015159246,-0.121041778,0.013105548,-0.066672666,-0.022655605,0.187168356,0.296895827,0.099377345,0.405852857,0.161780262,0.23864759
-0.169627429,-0.017724397,-0.100930153,0.011719687,-0.086925732,-0.021237417,0.1922839,0.347956157,0.123834378,0.370626518,0.16405702,0.242321334
-0.151172242,-0.015885624,-0.099620819,0.012575096,-0.075233074,-0.022890695,0.172500509,0.360373822,0.122237399,0.378606294,0.147610691,0.309564365
-0.175594583,-0.01510278,-0.112642452,0.011388258,-0.074218713,-0.024395944,0.155049699,0.2859612,0.115990334,0.312454977,0.151650852,0.26341386
-0.148477849,-0.01482675,-0.107248991,0.012190317,-0.084501839,-0.023778878,0.149343541,0.344743497,0.125830788,0.344132938,0.188496993,0.276880953
-0.157604932,-0.014112452,-0.107762596,0.011565924,-0.071685348,-0.023900489,0.147391619,0.353618215,0.104941229,0.410080132,0.149749995,0.286138569
-0.164910053,-0.013984253,-0.111925106,0.013832863,-0.083237425,-0.020868789,0.187327348,0.334527186,0.111404178,0.389188057,0.179475221,0.249464792
-0.146198636,-0.01453026,-0.126668004,0.011601613,-0.086147143,-0.022770449,0.17111761,0.317164929,0.112449026,0.382793033,0.160653831,0.233280567
-0.13774419,-0.015601435,-0.128694605,0.012480834,-0.073636887,-0.023089293,0.164067457,0.312070173,0.127124962,0.399657187,0.144363175,0.253902665
-0.158547827,-0.016777867,-0.106945719,0.012644199,-0.074886074,-0.021741596,0.18944435,0.315362442,0.117924824,0.340133989,0.174971853,0.279451201
-0.161894894,-0.016319748,-0.119437594,0.012260281,-0.081801784,-0.02195857,0.145020341,0.350981537,0.109437792,0.397125431,0.187756022,0.267275471
-0.163936073,-0.015418021,-0.10213877,0.010953621,-0.082202784,-0.021132617,0.175848604,0.32848707,0.097113947,0.331888847,0.152083231,0.264730655
-0.155433579,-0.016067259,-0.127387886,0.01240949,-0.077904542,-0.01998165,0.173414662,0.329643174,0.098027918,0.392208158,0.178163146,0.273717909
-0.170738233,-0.016548583,-0.104113945,0.011870379,-0.06999708,-0.021498146,0.188533075,0.335964073,0.12785257,0.325604194,0.169934408,0.230663859
-0.159666149,-0.015549807,-0.109549176,0.013033645,-0.073375638,-0.022204253,0.151665486,0.365219401,0.108175348,0.358952212,0.149475254,0.282783663
-0.16672257,-0.017827141,-0.100651005,0.013339017,-0.068474311,-0.021902531,0.153546,0.349931318,0.110748887,0.401682689,0.191420282,0.274988388
-0.132438544,-0.014380018,-0.110739056,0.013883315,-0.079752448,-0.019220314,0.193960669,0.339016235,0.115780515,0.417357773,0.15828703,0.301708332
-0.154078488,-0.01791913,-0.109837577,0.012327679,-0.079208042,-0.020160881,0.172170648,0.319903876,0.121100305,0.368253889,0.19180588,0.258991456
-0.174163932,-0.013910081,-0.115914176,0.013618694,-0.067783371,-0.022940128,0.147281337,0.300409171,0.123586746,0.412049978,0.193456849,0.299207975
